tweet_id,retweets,favorites
892420643555336193,8697,39117
892177421306343426,6386,33502
891815181378084864,4241,25250
891689557279858688,8798,42480
891327558926688256,9577,40637
891087950875897856,3178,20384
890971913173991426,2116,11950
890729181411237888,19276,66089
890609185150312448,4338,27988
890240255349198849,7566,32204
890006608113172480,7478,30872
889880896479866881,5061,27999
889665388333682689,10257,48363
889638837579907072,4632,27395
889531135344209921,2272,15219
889278841981685760,5546,25500
888917238123831296,4593,29316
888804989199671297,4447,25801
888554962724278272,3668,20096
888078434458587136,3583,21951
887705289381826560,5502,30441
887517139158093824,11886,46577
887473957103951883,18604,69687
887343217045368832,10597,33940
887101392804085760,6077,30808
886983233522544640,7924,35485
886736880519319552,3364,12184
886680336477933568,4551,22611
886366144734445568,3249,21296
886267009285017600,4,117
886258384151887873,6409,28199
886054160059072513,105,0
885984800019947520,6939,32995
885528943205470208,6561,36292
885518971528720385,3837,20583
885311592912609280,18930,0
885167619883638784,4459,22124
884925521741709313,18879,78215
884876753390489601,5963,28187
884562892145688576,5019,24511
884441805382717440,5766,27218
884247878851493888,20808,73571
884162670584377345,3048,20544
883838122936631299,3517,22082
883482846933004288,10184,46351
883360690899218434,3759,22735
883117836046086144,6804,37530
882992080364220416,4021,24142
882762694511734784,5016,28560
882627270321602560,6209,28101
882268110199369728,11834,45333
882045870035918850,5089,29594
881906580714921986,3454,24495
881666595344535552,10907,50985
881633300179243008,7,129
881536004380872706,16294,49857
881268444196462592,5250,23255
880935762899988482,2836,17148
880872448815771648,3909,21487
880465832366813184,6411,28760
880221127280381952,4329,27316
880095782870896641,4444,27842
879862464715927552,3574,22461
879674319642796034,10,314
879492040517615616,3256,23595
879415818425184262,45095,106806
879376492567855104,3178,16900
879130579576475649,7015,0
879050749262655488,4825,22777
879008229531029506,2748,19110
878776093423087618,4223,19536
878604707211726852,7413,30544
878404777348136964,1325,0
878316110768087041,6820,0
878281511006478336,1325,7829
878057613040115712,7015,42393
877736472329191424,19652,80734
877611172832227328,82,0
877556246731214848,3914,23007
877316821321428993,5313,27608
877201837425926144,5731,27388
876838120628539392,3448,20873
876537666061221889,4711,23612
876484053909872640,2466,18945
876120275196170240,4805,28155
875747767867523072,4402,25447
875144289856114688,5043,22132
875097192612077568,6210,27666
875021211251597312,4818,25732
874680097055178752,4764,28141
874434818259525634,15196,0
874296783580663808,4231,26331
874057562936811520,4059,22877
874012996292530176,10764,35067
873580283840344065,4049,24519
873337748698140672,1635,0
873213775632977920,1635,7366
872967104147763200,5561,27706
872820683541237760,3809,14877
872668790621863937,30,0
872620804844003328,3825,21056
872486979161796608,9254,41112
872261713294495745,6528,34680
872122724285648897,8377,34897
871879754684805121,11620,38613
871762521631449091,3590,20544
871515927908634625,3559,20503
871166179821445120,5881,0
871102520638267392,5661,21215
871032628920680449,3924,22992
870804317367881728,6442,34158
870726314365509632,3,120
870656317836468226,2755,12659
870374049280663552,27159,84003
870308999962521604,4300,22181
870063196459192321,8650,37310
869772420881756160,10445,43153
869702957897576449,6572,28756
869596645499047938,3256,16278
869227993411051520,3942,20846
868880397819494401,15068,66909
868639477480148993,2186,0
868622495443632128,6161,27942
868552278524837888,2186,10392
867900495410671616,4358,24682
867774946302451713,7643,34729
867421006826221569,2634,16535
867072653475098625,132,0
867051520902168576,8255,32995
866720684873056260,5064,20608
866686824827068416,3652,19825
866450705531457537,36867,124749
866334964761202691,15196,53969
866094527597207552,8769,0
865718153858494464,5881,26284
865359393868664832,5257,27185
865006731092295680,8069,28749
864873206498414592,9197,33234
864279568663928832,3214,15013
864197398364647424,9428,31027
863907417377173506,4357,21213
863553081350529029,4391,15730
863471782782697472,2620,0
863432100342583297,5559,24496
863427515083354112,103,2327
863079547188785154,1162,9007
863062471531167744,2620,8819
862831371563274240,5352,19767
862722525377298433,3735,17581
862457590147678208,5256,21206
862096992088072192,24643,77070
861383897657036800,11318,37258
861288531465048066,4414,17767
861005113778896900,4033,17292
860981674716409858,2286,0
860924035999428608,868,0
860563773140209665,2286,7765
860524505164394496,5586,24401
860276583193509888,3682,18924
860184849394610176,6200,17255
860177593139703809,32763,0
859924526012018688,4273,19777
859851578198683649,3719,15918
859607811541651456,1672,19246
859196978902773760,32197,93356
859074603037188101,14478,35129
858860390427611136,8652,0
858843525470990336,3697,16118
858471635011153920,5163,22324
858107933456039936,3102,16330
857989990357356544,2756,16739
857746408056729600,11309,35578
857393404942143489,1744,6147
857263160327368704,4836,20771
857214891891077121,20,240
857062103051644929,181,0
857029823797047296,4284,19666
856602993587888130,11430,0
856543823941562368,3082,16946
856526610513747968,2018,12307
856330835276025856,722,0
856288084350160898,17,536
856282028240666624,6735,28759
855862651834028034,28,361
855860136149123072,1104,4998
855857698524602368,2273,12344
855851453814013952,18902,47286
855818117272018944,5843,27726
855459453768019968,8849,31277
855245323840757760,6440,0
855138241867124737,49,0
854732716440526848,6562,23900
854482394044301312,7440,30710
854365224396361728,5066,19776
854120357044912130,8129,33449
854010172552949760,3387,16954
853760880890318849,6275,30042
853639147608842240,11039,36675
853299958564483072,3860,16315
852936405516943360,2190,0
852912242202992640,2000,9499
852672615818899456,2333,15710
852553447878664193,3817,17264
852311364735569921,10774,34891
852226086759018497,7432,21084
852189679701164033,1717,12076
851953902622658560,10498,0
851861385021730816,23,0
851591660324737024,3771,17101
851464819735769094,7710,25630
851224888060895234,6243,21828
850753642995093505,10166,32899
850380195714523136,2856,13814
850333567704068097,363,3605
850145622816686080,4172,17300
850019790995546112,5364,21665
849776966551130114,8332,32297
849668094696017920,5425,0
849412302885593088,3431,16833
849336543269576704,2068,12108
849051919805034497,9314,44543
848690551926992896,4736,26759
848324959059550208,5045,26295
848213670039564288,818,8700
848212111729840128,3379,17376
847978865427394560,3582,0
847971574464610304,471,0
847962785489326080,5641,24972
847842811428974592,1486,5851
847617282490613760,459,7457
847606175596138505,3707,19933
847251039262605312,4710,21723
847157206088847362,6447,21276
847116187444137987,3513,22804
846874817362120707,4330,21397
846514051647705089,12807,47697
846505985330044928,3417,15092
846153765933735936,10010,33899
846139713627017216,10789,32825
846042936437604353,3171,17060
845812042753855489,9673,31266
845677943972139009,5268,26793
845459076796616705,14763,0
845397057150107648,2026,8137
845306882940190720,5941,24918
845098359547420673,8485,0
844979544864018432,2855,14547
844973813909606400,3547,16160
844704788403113984,11430,41413
844580511645339650,3466,17617
844223788422217728,2419,14574
843981021012017153,3223,16135
843856843873095681,5132,22904
843604394117681152,3027,18080
843235543001513987,6718,23019
842846295480000512,3947,16258
842765311967449089,1417,7228
842535590457499648,3865,19369
842163532590374912,6440,26245
842115215311396866,3335,15021
841833993020538882,17108,0
841680585030541313,8599,27486
841439858740625411,4092,13569
841320156043304961,6004,21153
841314665196081154,5221,17044
841077006473256960,5881,24588
840761248237133825,1944,0
840728873075638272,17955,0
840698636975636481,3,195
840696689258311684,1097,13214
840632337062862849,1944,9645
840370681858686976,5062,17689
840268004936019968,6372,20696
839990271299457024,2549,14435
839549326359670784,8652,29588
839290600511926273,157,0
839239871831150596,7295,29266
838952994649550848,4436,21080
838921590096166913,2309,12027
838916489579200512,37,0
838831947270979586,12362,0
838561493054533637,1478,11743
838476387338051585,5380,24329
838201503651401729,11277,0
838150277551247360,361,1804
838085839343206401,0,149
838083903487373313,3508,18957
837820167694528512,8769,36835
837482249356513284,490,4148
837471256429613056,2575,13804
837366284874571778,5909,22750
837110210464448512,2685,17255
836989968035819520,2563,13704
836753516572119041,5150,20740
836677758902222849,2474,13586
836648853927522308,615,0
836397794269200385,30762,0
836380477523124226,3284,15861
836260088725786625,4776,22895
836001077879255040,4836,20623
835685285446955009,9156,0
835574547218894849,4059,19200
835536468978302976,1899,0
835309094223372289,23536,0
835297930240217089,3335,17653
835264098648616962,1899,8377
835246439529840640,81,2239
835172783151792128,6423,28173
835152434251116546,3387,24231
834931633769889797,1846,11690
834786237630337024,6077,22703
834574053763584002,2832,14807
834477809192075265,11954,0
834458053273591808,1869,10388
834209720923721728,5374,22273
834167344700198914,4063,16985
834089966724603904,2382,10846
834086379323871233,2475,14113
833863086058651648,2683,14471
833826103416520705,3848,16545
833732339549220864,244,0
833722901757046785,3578,22327
833479644947025920,2309,16060
833124694597443584,5425,21861
832998151111966721,2487,14384
832769181346996225,44,0
832757312314028032,4048,18207
832682457690300417,3308,12855
832645525019123713,581,3148
832636094638288896,3153,17161
832397543355072512,2497,12951
832369877331693569,3582,18558
832273440279240704,2613,12225
832215909146226688,6931,0
832215726631055365,10493,0
832088576586297345,2,72
832040443403784192,10902,0
832032802820481025,5228,19320
831939777352105988,6893,25996
831926988323639298,37,368
831911600680497154,7317,29961
831670449226514432,2031,11323
831650051525054464,2190,7781
831552930092285952,2570,9752
831322785565769729,1714,9934
831315979191906304,1246,7026
831309418084069378,2730,12672
831262627380748289,2307,12905
830956169170665475,1699,8630
830583320585068544,18930,72513
830173239259324417,6414,0
830097400375152640,3384,10664
829878982036299777,5641,0
829861396166877184,2205,13282
829501995190984704,11954,34432
829449946868879360,2289,11387
829374341691346946,10498,37623
829141528400556032,8350,26616
829011960981237760,18253,57497
828801551087042563,3828,0
828770345708580865,6616,27748
828708714936930305,12621,39744
828650029636317184,1511,10338
828409743546925057,1288,6825
828408677031882754,1441,8299
828381636999917570,2494,13706
828376505180889089,1191,8024
828372645993398273,3284,13593
828361771580813312,192,2379
828046555563323392,3209,12790
828011680017821696,2404,11251
827933404142436356,5883,21910
827653905312006145,3373,16781
827600520311402496,1060,8056
827324948884643840,3436,17266
827199976799354881,2523,11515
826958653328592898,5641,23465
826848821049180160,11597,39781
826615380357632002,4438,0
826598799820865537,288,5565
826598365270007810,2649,10963
826476773533745153,4730,20028
826240494070030336,2921,14433
826204788643753985,1058,5289
826115272272650244,3540,17081
825876512159186944,2107,11378
825829644528148480,2807,13859
825535076884762624,19402,56624
825147591692263424,5163,19948
825120256414846976,1453,0
825026590719483904,1453,6926
824796380199809024,6190,0
824775126675836928,3983,16307
824663926340194305,1958,10971
824325613288833024,11683,12826
824297048279236611,4372,16387
824025158776213504,671,5197
823939628516474880,3063,11604
823719002937630720,12728,0
823699002998870016,2723,13683
823581115634085888,2991,14212
823333489516937216,30,764
823322678127919110,4550,17196
823269594223824897,11167,0
822975315408461824,3887,18887
822872901745569793,49733,144168
822859134160621569,2579,14410
822647212903690241,7245,0
822610361945911296,3351,16119
822489057087389700,7245,19822
822462944365645825,16773,31330
822244816520155136,11167,38317
822163064745328640,5458,0
821886076407029760,2646,12411
821813639212650496,3770,0
821765923262631936,1873,9215
821522889702862852,1998,8764
821421320206483457,6336,0
821407182352777218,4945,12899
821153421864615936,10,275
821149554670182400,2275,9567
821107785811234820,2420,10504
821044531881721856,2587,13842
820837357901512704,7586,0
820749716845686786,11277,34535
820690176645140481,3650,13370
820494788566847489,639,0
820446719150292993,2924,0
820314633777061888,639,3659
820078625395449857,7117,21672
820013781606658049,1338,0
819952236453363712,1338,5836
819924195358416896,5499,14084
819711362133872643,3549,14716
819588359383371776,2227,10471
819347104292290561,1360,7910
819238181065359361,454,2512
819227688460238848,7586,25290
819015337530290176,41455,0
819015331746349057,21393,0
819006400881917954,21393,49333
819004803107983360,41455,94321
818646164899774465,23635,0
818627210458333184,8422,24288
818614493328580609,2926,10821
818588835076603904,6990,0
818536468981415936,2808,11975
818307523543449600,9202,0
818259473185828864,2577,12045
818145370475810820,2946,13490
817908911860748288,894,5291
817827839487737858,30762,56855
817777686764523521,3026,11732
817536400337801217,3444,12941
817502432452313088,3848,0
817423860136083457,17108,37644
817415592588222464,1097,6163
817181837579653120,9689,0
817171292965273600,2279,9561
817120970343411712,2960,13216
817056546584727552,1878,9397
816829038950027264,5377,0
816816676327063552,2317,10949
816697700272001025,2494,10767
816450570814898180,9202,33545
816336735214911488,2226,9440
816091915477250048,2451,9794
816062466425819140,1184,0
816014286006976512,6047,0
815990720817401858,1184,5478
815966073409433600,9689,24710
815745968457060357,4696,0
815736392542261248,2576,10793
815639385530101762,1872,9047
815390420867969024,4318,11331
814986499976527872,1477,8377
814638523311648768,3076,12376
814578408554463233,6637,0
814530161257443328,2109,9521
814153002265309185,9897,31578
813944609378369540,3672,0
813910438903693312,2144,10205
813812741911748608,15957,39864
813800681631023104,2012,9176
813217897535406080,8294,20517
813202720496779264,2051,10071
813187593374461952,4964,21791
813172488309972993,2188,10260
813157409116065792,2514,8481
813142292504645637,2673,9240
813130366689148928,501,4897
813127251579564032,3578,13060
813112105746448384,3153,11358
813096984823349248,4122,11543
813081950185472002,3152,10842
813066809284972545,2219,8743
813051746834595840,8326,23001
812781120811126785,2168,8304
812747805718642688,7927,0
812709060537683968,1638,7286
812503143955202048,1397,6701
812466873996607488,2189,8795
812372279581671427,4184,15046
811985624773361665,1599,7996
811744202451197953,1836,8304
811647686436880384,844,6121
811627233043480576,3576,14086
811386762094317568,7289,22976
810984652412424192,1624,5866
810896069567610880,2040,9962
810657578271330305,3006,12051
810284430598270976,13066,39070
810254108431155201,3828,16162
809920764300447744,4438,17026
809808892968534016,5592,0
809448704142938112,1670,7622
809220051211603969,6414,21936
809084759137812480,3985,14508
808838249661788160,3461,11117
808733504066486276,2463,8690
808501579447930884,2952,12415
808344865868283904,23635,46707
808134635716833280,6817,0
808106460588765185,2477,9590
808001312164028416,4019,13820
807621403335917568,4196,16049
807106840509214720,61854,123821
807059379405148160,8359,0
807010152071229440,4343,14343
806629075125202948,39981,82887
806620845233815552,6291,0
806576416489959424,2196,5309
806542213899489280,2711,11233
806242860592926720,13337,0
806219024703037440,1368,7050
805958939288408065,6119,0
805932879469572096,2167,9100
805826884734976000,2087,7245
805823200554876929,9200,0
805520635690676224,1884,6300
805487436403003392,2882,9655
805207613751304193,1928,8568
804738756058218496,4386,15136
804475857670639616,2305,6784
804413760345620481,3662,0
804026241225523202,18529,49153
803773340896923648,3157,11072
803692223237865472,8510,0
803638050916102144,4731,12102
803380650405482500,2127,8519
803321560782307329,6095,0
803276597545603072,2817,11062
802952499103731712,2284,9960
802624713319034886,3338,0
802600418706604034,1675,7853
802572683846291456,2865,9843
802323869084381190,6674,17888
802265048156610565,1546,6949
802239329049477120,2983,9986
802185808107208704,309,0
801958328846974976,1950,8496
801854953262350336,267,1933
801538201127157760,2346,9030
801285448605831168,943,6695
801167903437357056,6817,27033
801127390143516673,4543,0
801115127852503040,2378,8894
800859414831898624,111,768
800855607700029440,1859,0
800751577355128832,3159,11566
800513324630806528,3427,14493
800459316964663297,2443,10407
800443802682937345,4941,0
800388270626521089,3191,12289
800188575492947969,4495,0
800141422401830912,2924,16867
800018252395122689,15056,31338
799774291445383169,5371,0
799757965289017345,2463,9277
799422933579902976,2178,8852
799308762079035393,6341,0
799297110730567681,3172,10925
799063482566066176,2810,8932
798933969379225600,5105,14523
798925684722855936,1639,8183
798705661114773508,7550,0
798701998996647937,8932,0
798697898615730177,7453,0
798694562394996736,5698,0
798686750113755136,2654,0
798682547630837760,5418,0
798673117451325440,6371,0
798665375516884993,4441,0
798644042770751489,2112,0
798628517273620480,2237,0
798585098161549313,6521,0
798576900688019456,6747,0
798340744599797760,3847,0
798209839306514432,2907,11421
797971864723324932,3590,12857
797545162159308800,5536,16011
797236660651966464,7570,22057
797165961484890113,32,254
796904159865868288,10212,0
796865951799083009,2162,8451
796759840936919040,3505,13099
796563435802726400,8364,0
796484825502875648,2013,8370
796387464403357696,4753,12166
796177847564038144,16346,0
796149749086875649,16346,35722
796125600683540480,2041,5459
796116448414461957,2762,10019
796080075804475393,2639,9325
796031486298386433,4221,11915
795464331001561088,27230,55018
795400264262053889,3265,11153
795076730285391872,6190,17907
794983741416415232,3853,0
794926597468000259,2647,11342
794355576146903043,11780,0
794332329137291264,3025,10553
794205286408003585,3808,10171
793962221541933056,5592,18609
793845145112371200,2142,10161
793614319594401792,3587,0
793601777308463104,1869,8810
793500921481273345,2722,11793
793286476301799424,10493,27196
793271401113350145,2695,9540
793256262322548741,9523,22050
793241302385262592,3740,11629
793226087023144960,3274,10856
793210959003287553,3232,9864
793195938047070209,6411,16850
793180763617361921,2264,7631
793165685325201412,3183,10371
793150605191548928,1955,6808
793135492858580992,2840,7121
793120401413079041,4472,14005
792913359805018113,4619,15839
792883833364439040,4883,12480
792773781206999040,1922,8101
792394556390137856,4903,14918
792050063153438720,2049,7929
791821351946420224,24067,0
791784077045166082,11057,0
791780927877898241,4350,0
791774931465953280,25378,49711
791672322847637504,3587,12967
791406955684368384,4696,14489
791312159183634433,2902,9706
791026214425268224,4723,0
790987426131050500,2435,10930
790946055508652032,5377,18326
790723298204217344,2651,0
790698755171364864,2167,9059
790581949425475584,8172,22830
790337589677002753,2133,8640
790277117346975746,3672,13861
790227638568808452,4104,0
789986466051088384,2651,10233
789960241177853952,4751,0
789903600034189313,4729,11469
789628658055020548,2035,8326
789599242079838210,2223,7505
789530877013393408,3853,12983
789314372632018944,2625,9499
789280767834746880,5636,0
789268448748703744,2956,10066
789137962068021249,3185,10716
788908386943430656,14170,30206
788765914992902144,11780,30297
788552643979468800,8242,0
788412144018661376,6065,17226
788178268662984705,2437,7987
788150585577050112,1486,6788
788070120937619456,3890,0
788039637453406209,1507,6772
787810552592695296,3485,9589
787717603741622272,3177,11273
787397959788929025,3229,11952
787322443945877504,1992,8599
787111942498508800,7639,0
786963064373534720,9156,29307
786729988674449408,2766,0
786709082849828864,6931,20035
786664955043049472,2939,11779
786595970293370880,3534,10367
786363235746385920,3997,12022
786286427768250368,3270,8806
786233965241827333,5458,16928
786051337297522688,176,1592
786036967502913536,8052,0
785927819176054784,3585,12528
785872687017132033,2083,7369
785639753186217984,2522,8603
785533386513321988,2296,10052
785515384317313025,1445,6717
785264754247995392,1868,8020
785170936622350336,5542,13332
784826020293709826,3662,11173
784517518371221505,2892,9888
784431430411685888,1457,6253
784183165795655680,9200,22173
784057939640352768,12728,32976
783839966405230592,12362,33191
783821107061198850,2234,8109
783695101801398276,3663,11495
783466772167098368,2562,9344
783391753726550016,6297,18635
783347506784731136,6403,0
783334639985389568,13337,32200
783085703974514689,2516,8969
782969140009107456,8359,26589
782747134529531904,1576,8210
782722598790725632,6119,19003
782598640137187329,2145,8585
782305867769217024,6336,18362
782021823840026624,7113,0
781955203444699136,3836,12202
781661882474196992,3080,11483
781655249211752448,1269,4402
781524693396357120,6291,22857
781308096455073793,2900,7860
781251288990355457,2392,9309
781163403222056960,3097,10740
780931614150983680,8364,23832
780858289093574656,2267,7915
780800785462489090,1470,6069
780601303617732608,3770,13319
780543529827336192,1976,6944
780496263422808064,4242,0
780476555013349377,133,0
780459368902959104,1204,5807
780192070812196864,2535,9581
780092040432480260,2608,0
780074436359819264,5683,13513
779834332596887552,8052,20956
779377524342161408,3537,9706
779124354206535695,20917,0
779123168116150273,4143,12989
779056095788752897,5130,16260
778990705243029504,8281,22015
778774459159379968,11325,0
778764940568104960,415,946
778748913645780993,1524,7596
778650543019483137,1695,6352
778624900596654080,1143,5115
778408200802557953,4926,14964
778396591732486144,13918,0
778383385161035776,1250,6430
778286810187399168,3762,11413
778039087836069888,2998,9312
778027034220126208,1845,7217
777953400541634568,4002,0
777885040357281792,1858,6982
777684233540206592,3338,12349
777641927919427584,4840,0
777621514455814149,2831,9615
777189768882946048,4912,15726
776819012571455488,15567,0
776813020089548800,1376,5367
776477788987613185,3183,9749
776249906839351296,10426,0
776218204058357768,18139,32925
776201521193218049,2856,10537
776113305656188928,4941,12908
776088319444877312,174,2011
775898661951791106,17272,0
775842724423557120,3044,12856
775733305207554048,4543,15223
775729183532220416,5204,14171
775364825476165632,3392,8182
775350846108426240,4448,11150
775085132600442880,5371,17048
774757898236878852,1995,9356
774639387460112384,1972,7389
774314403806253056,6341,23859
773985732834758656,4392,11770
773922284943896577,1954,7007
773704687002451968,1846,7221
773670353721753600,1468,5865
773547596996571136,6990,24191
773336787167145985,5791,0
773308824254029826,8485,25472
773247561583001600,3630,10266
773191612633579521,4649,10946
772877495989305348,4410,9407
772826264096874500,2627,8738
772615324260794368,3825,0
772581559778025472,1926,7108
772193107915964416,1568,6586
772152991789019136,1273,4130
772117678702071809,829,4108
772114945936949249,535,2972
772102971039580160,1046,4394
771908950375665664,2134,7204
771770456517009408,3847,13174
771500966810099713,2959,9053
771380798096281600,5791,11572
771171053431250945,8546,0
771136648247640064,3294,10087
771102124360998913,1624,6802
771014301343748096,1875,7546
771004394259247104,247,0
770787852854652928,1382,5431
770772759874076672,1591,5685
770743923962707968,51487,0
770655142660169732,1972,8027
770414278348247044,2335,6889
770293558247038976,1680,6828
770093767776997377,3439,0
770069151037685760,2601,8278
769940425801170949,10902,34453
769695466921623552,1888,7011
769335591808995329,8683,0
769212283578875904,1930,5910
768970937022709760,7402,15795
768909767477751808,3070,0
768855141948723200,1016,4597
768609597686943744,1362,4518
768596291618299904,1443,5517
768554158521745409,6574,0
768473857036525572,3875,14888
768193404517830656,4002,11955
767884188863397888,1593,5217
767754930266464257,6095,17551
767500508068192258,2639,8182
767191397493538821,4309,13451
767122157629476866,3210,11076
766864461642756096,6394,0
766793450729734144,1539,5570
766714921925144576,430,2838
766693177336135680,896,4426
766423258543644672,1793,6587
766313316352462849,2124,7409
766078092750233600,2921,0
766069199026450432,988,4689
766008592277377025,562,4089
765719909049503744,2429,7906
765669560888528897,1379,5673
765395769549590528,3812,28639
765371061932261376,2428,7742
765222098633691136,3825,12716
764857477905154048,1990,7005
764259802650378240,1713,6625
763956972077010945,61,801
763837565564780549,4723,13824
763183847194451968,1671,5933
763167063695355904,3418,0
763103485927849985,2558,8035
762699858130116608,4104,13332
762471784394268675,7391,12368
762464539388485633,4751,11338
762316489655476224,1271,5276
762035686371364864,17597,34944
761976711479193600,2274,5907
761750502866649088,4446,0
761745352076779520,963,4660
761672994376806400,32763,54136
761599872357261312,1316,4511
761371037149827077,20171,0
761334018830917632,1631,5705
761292947749015552,1241,4893
761227390836215808,1745,5827
761004547850530816,3890,12308
760893934457552897,1089,4181
760656994973933572,2165,7231
760641137271070720,1451,5408
760539183865880579,4083,8278
760521673607086080,1579,4626
760290219849637889,12901,29220
760252756032651264,977,4298
760190180481531904,2033,6241
760153949710192640,37,0
759943073749200896,2342,6492
759923798737051648,6394,16046
759846353224826880,2224,7336
759793422261743616,2143,6514
759566828574212096,23876,0
759557299618865152,1320,5134
759447681597108224,2766,9293
759446261539934208,553,1828
759197388317847553,2184,6625
759159934323924993,1328,0
759099523532779520,4723,15847
759047813560868866,2260,7126
758854675097526272,1007,3868
758828659922702336,4303,12213
758740312047005698,1797,6258
758474966123810816,1112,4160
758467244762497024,2495,5243
758405701903519748,2162,5675
758355060040593408,1218,3744
758099635764359168,11325,20980
758041019896193024,427,2958
757741869644341248,3644,7512
757729163776290825,9150,0
757725642876129280,1367,4954
757611664640446465,1248,4968
757597904299253760,326,0
757596066325864448,1186,4749
757400162377592832,7640,16512
757393109802180609,1967,6362
757354760399941633,1595,4929
756998049151549440,2229,6833
756939218950160384,2252,7241
756651752796094464,1485,5535
756526248105566208,4086,11346
756303284449767430,1206,4310
756288534030475264,14763,28057
756275833623502848,1715,7016
755955933503782912,3232,7981
755206590534418437,6032,17951
755110668769038337,12412,23119
754874841593970688,9022,0
754856583969079297,2831,7495
754747087846248448,584,2813
754482103782404096,2184,5782
754449512966619136,824,4093
754120377874386944,2613,8541
754011816964026368,4029,9591
753655901052166144,2444,6364
753420520834629632,4000,8605
753398408988139520,2147,6303
753375668877008896,2608,8287
753298634498793472,6497,0
753294487569522689,1163,3709
753039830821511168,23536,40476
753026973505581056,1093,4224
752932432744185856,7639,13763
752917284578922496,1754,7475
752701944171524096,3237,0
752682090207055872,1804,6545
752660715232722944,1758,4812
752568224206688256,2555,6054
752519690950500352,3847,8040
752334515931054080,1240,4161
752309394570878976,18697,0
752173152931807232,2071,6477
751950017322246144,1041,3358
751937170840121344,1499,5690
751830394383790080,2186,6328
751793661361422336,3262,6384
751598357617971201,3379,8580
751583847268179968,1247,4797
751538714308972544,1417,5473
751456908746354688,1111,3484
751251247299190784,6562,13596
751205363882532864,2046,6857
751132876104687617,1457,5544
750868782890057730,1562,5231
750719632563142656,5636,14406
750506206503038976,1285,4852
750429297815552001,4840,14355
750383411068534784,1278,4942
750381685133418496,34,747
750147208377409536,1079,3364
750132105863102464,1412,3943
750117059602808832,1442,4685
750101899009982464,940,3306
750086836815486976,608,2357
750071704093859840,3734,8532
750056684286914561,991,3396
750041628174217216,689,3452
750026558547456000,876,2950
750011400160841729,1015,3524
749996283729883136,900,3288
749981277374128128,2738,5550
749774190421639168,1475,5052
749417653287129088,1874,6630
749403093750648834,610,2851
749395845976588288,3882,9354
749317047558017024,2465,5968
749075273010798592,2313,6260
749064354620928000,1688,5210
749036806121881602,876,3373
748977405889503236,3820,11689
748932637671223296,2512,6364
748705597323898880,1050,3004
748699167502000129,1789,5141
748692773788876800,1477,4595
748575535303884801,2227,6592
748568946752774144,754,2377
748346686624440324,1386,5660
748337862848962560,4617,8337
748324050481647620,855,4027
748307329658011649,799,3985
748220828303695873,8691,15317
747963614829678593,2405,6290
747933425676525569,2847,7196
747885874273214464,1102,3198
747844099428986880,833,3041
747816857231626240,1296,5272
747651430853525504,175,1496
747648653817413632,6507,13994
747600769478692864,609,2519
747594051852075008,1188,3998
747512671126323200,1770,6027
747461612269887489,1160,4204
747439450712596480,2154,5899
747242308580548608,3210,0
747219827526344708,1760,5719
747204161125646336,1023,3674
747103485104099331,4475,10404
746906459439529985,331,3125
746872823977771008,2393,6494
746818907684614144,1913,5732
746790600704425984,1784,5279
746757706116112384,4350,10350
746726898085036033,2000,6542
746542875601690625,2072,5452
746521445350707200,1093,0
746507379341139972,1210,5029
746369468511756288,1831,6550
746131877086527488,2457,7458
746056683365994496,916,3846
745789745784041472,1187,4369
745712589599014916,2595,7546
745433870967832576,2836,7699
745422732645535745,2726,9279
745314880350101504,3081,7741
745074613265149952,3915,8470
745057283344719872,2548,7826
744995568523612160,701,3233
744971049620602880,2987,8520
744709971296780288,1731,6055
744334592493166593,2381,7317
744234799360020481,78206,129280
744223424764059648,417,1838
743980027717509120,1211,4489
743895849529389061,1065,3939
743835915802583040,2339,0
743609206067040256,1531,4851
743595368194129920,7306,19975
743545585370791937,1047,3814
743510151680958465,4111,8537
743253157753532416,1344,4562
743222593470234624,2124,6693
743210557239623680,1520,4146
742534281772302336,3950,7612
742528092657332225,2207,4810
742465774154047488,4308,7835
742423170473463808,4242,10668
742385895052087300,2223,7355
742161199639494656,1525,4687
742150209887731712,1741,5571
741793263812808706,1674,4910
741743634094141440,3083,8829
741438259667034112,927,3964
741303864243200000,3588,9498
741099773336379392,6142,10827
741067306818797568,3439,10198
740995100998766593,3091,6914
740711788199743490,1042,3687
740699697422163968,867,3065
740676976021798912,7550,19598
740373189193256964,14805,37486
740365076218183684,483,2681
740359016048689152,946,3565
740214038584557568,2182,7213
739979191639244800,6574,21564
739932936087216128,1193,4384
739844404073074688,942,4085
739623569819336705,1519,4116
739606147276148736,1844,5828
739544079319588864,23877,43042
739485634323156992,3260,7766
739238157791694849,51487,74003
738891149612572673,6,115
738885046782832640,1261,4067
738883359779196928,901,3617
738537504001953792,1733,5498
738402415918125056,940,3537
738184450748633089,1337,4660
738166403467907072,3780,9488
738156290900254721,737,2733
737826014890496000,1967,5672
737800304142471168,3837,10786
737678689543020544,1484,5445
737445876994609152,4962,11137
737322739594330112,890,3893
737310737551491075,8213,15828
736736130620620800,1940,4658
736392552031657984,8242,19168
736365877722001409,1383,4317
736225175608430592,3061,8755
736010884653420544,3293,8536
735991953473572864,1270,3882
735648611367784448,1212,4331
735635087207878657,2614,6679
735274964362878976,4628,9478
735256018284875776,974,3624
735137028879360001,1074,3369
734912297295085568,568,2947
734787690684657664,6989,13532
734776360183431168,602,2701
734559631394082816,441,1621
733828123016450049,862,3869
733822306246479872,1125,3965
733482008106668032,1050,3385
733460102733135873,1424,4536
733109485275860992,17272,43965
732732193018155009,591,2633
732726085725589504,980,3804
732585889486888962,852,3967
732375214819057664,2788,8714
732005617171337216,6047,16087
731285275100512256,1078,3750
731156023742988288,1407,4130
730924654643314689,2194,6595
730573383004487680,2391,5311
730427201120833536,1158,3741
730211855403241472,1157,4119
730196704625098752,2132,5266
729854734790754305,1239,4330
729838605770891264,423,1835
729823566028484608,1372,4302
729463711119904772,2544,6252
729113531270991872,363,2030
728986383096946689,900,3414
728760639972315136,1875,5019
728751179681943552,744,3006
728653952833728512,1153,3566
728409960103686147,2226,5296
728387165835677696,1056,3946
728046963732717569,1296,4643
728035342121635841,1845,4887
728015554473250816,1207,4415
727685679342333952,699,3156
727644517743104000,1928,6343
727524757080539137,1357,4820
727314416056803329,826,3568
727286334147182592,908,3273
727175381690781696,1512,4153
727155742655025152,1471,3919
726935089318363137,2706,7400
726887082820554753,1661,4129
726828223124897792,1113,3821
726224900189511680,1277,4740
725842289046749185,2921,7589
725786712245440512,1498,4467
725729321944506368,1965,5570
725458796924002305,690,1513
724983749226668032,1437,3980
724771698126512129,710,2554
724405726123311104,1819,5709
724049859469295616,1953,4663
724046343203856385,610,2860
724004602748780546,1756,4492
723912936180330496,1353,4177
723688335806480385,3286,8306
723673163800948736,988,3244
723179728551723008,2071,5692
722974582966214656,1730,4423
722613351520608256,1805,5319
721503162398597120,2087,5012
721001180231503872,681,2714
720785406564900865,849,3350
720775346191278080,747,2664
720415127506415616,1648,4433
720389942216527872,2784,6883
720340705894408192,1079,3080
720059472081784833,1249,4173
720043174954147842,2211,5265
719991154352222208,1939,5200
719704490224398336,1605,4895
719551379208073216,2140,5434
719367763014393856,814,2984
719339463458033665,1375,4737
719332531645071360,1053,3665
718971898235854848,1213,3758
718939241951195136,1938,5634
718631497683582976,8932,20392
718613305783398402,531,2628
718540630683709445,1118,2678
718460005985447936,590,2900
718454725339934721,1659,5230
718246886998687744,558,2074
718234618122661888,1107,4149
717841801130979328,658,2628
717790033953034240,1250,3119
717537687239008257,2033,6183
717428917016076293,503,1718
717421804990701568,932,3390
717047459982213120,2103,6736
717009362452090881,1085,3516
716802964044845056,1296,4582
716791146589110272,1459,5149
716730379797970944,468,1320
716447146686459905,6496,14110
716439118184652801,243,2537
716285507865542656,1202,2994
716080869887381504,1923,5248
715928423106027520,973,3438
715758151270801409,1572,4019
715733265223708672,1879,5016
715704790270025728,623,3011
715696743237730304,1428,4195
715680795826982913,1791,4649
715360349751484417,1740,5875
715342466308784130,759,3246
715220193576927233,727,2588
715200624753819648,2080,5500
715009755312439296,1373,4479
714982300363173890,1142,4028
714962719905021952,4732,7910
714957620017307648,1566,4445
714631576617938945,1106,3505
714606013974974464,1027,3885
714485234495041536,1286,2918
714258258790387713,796,3233
714251586676113411,932,3507
714214115368108032,972,2441
714141408463036416,1545,4612
713919462244790272,856,3504
713909862279876608,602,2044
713900603437621249,822,3022
713761197720473600,1522,5233
713411074226274305,1423,4727
713177543487135744,3130,7744
713175907180089344,1606,4799
712809025985978368,7453,20046
712717840512598017,5511,13300
712668654853337088,1347,4473
712438159032893441,1723,5719
712309440758808576,26,267
712097430750289920,1157,4086
712092745624633345,1001,3168
712085617388212225,547,3481
712065007010385924,694,2421
711998809858043904,137,0
711968124745228288,2555,8649
711743778164514816,1089,3055
711732680602345472,4564,9599
711694788429553666,20171,35346
711652651650457602,1020,4167
711363825979756544,1266,3932
711306686208872448,806,3549
711008018775851008,694,3222
710997087345876993,1542,4897
710844581445812225,763,2740
710833117892898816,593,2896
710658690886586372,627,2481
710609963652087808,2589,5160
710588934686908417,2074,4904
710296729921429505,817,2542
710283270106132480,570,2281
710272297844797440,1397,4866
710269109699739648,1236,2578
710153181850935296,986,3118
710140971284037632,986,2980
710117014656950272,2206,5920
709918798883774466,1189,3205
709901256215666688,109,723
709852847387627521,1317,3772
709566166965075968,1344,3796
709556954897764353,1183,3535
709519240576036864,269,1595
709449600415961088,654,2394
709409458133323776,769,2820
709225125749587968,636,2580
709207347839836162,6453,13568
709198395643068416,707,2596
709179584944730112,750,2180
709158332880297985,461,2204
709042156699303936,1829,5137
708853462201716736,727,1922
708845821941387268,992,3183
708834316713893888,555,1826
708810915978854401,7696,17777
708738143638450176,898,2951
708711088997666817,811,2742
708479650088034305,754,2730
708469915515297792,907,3312
708400866336894977,11160,17257
708356463048204288,1500,3888
708349470027751425,816,2515
708149363256774660,1701,4587
708130923141795840,929,3647
708119489313951744,1083,2894
708109389455101952,600,2083
708026248782585858,2132,4703
707995814724026368,1248,3339
707983188426153984,2,51
707969809498152960,1078,2903
707776935007539200,1054,3528
707741517457260545,683,2684
707738799544082433,2736,4417
707693576495472641,1106,3692
707629649552134146,973,2783
707610948723478529,7113,18303
707420581654872064,774,2455
707411934438625280,666,2447
707387676719185920,1457,3776
707377100785885184,1190,3542
707315916783140866,713,2660
707297311098011648,889,2963
707059547140169728,749,2763
707038192327901184,889,2368
707021089608753152,1523,4372
707014260413456384,655,2473
706904523814649856,8683,15703
706901761596989440,668,2226
706681918348251136,1077,3570
706644897839910912,1211,2777
706593038911545345,701,2323
706538006853918722,1559,3722
706516534877929472,1137,3347
706346369204748288,1023,3712
706310011488698368,8854,23115
706291001778950144,515,1831
706265994973601792,1014,2934
706169069255446529,2466,4223
706166467411222528,1786,5537
706153300320784384,425,1611
705975130514706432,825,3345
705970349788291072,995,3387
705898680587526145,627,2556
705786532653883392,586,2097
705591895322394625,1286,3422
705475953783398401,1026,3197
705442520700944385,1831,4803
705428427625635840,1897,4120
705239209544720384,835,3231
705223444686888960,886,2782
705102439679201280,573,2321
705066031337840642,671,2340
704871453724954624,1235,4541
704859558691414016,602,2429
704847917308362754,1702,5519
704819833553219584,1117,2854
704761120771465216,3210,7164
704499785726889984,1107,3170
704491224099647488,95,827
704480331685040129,1176,3664
704364645503647744,3934,8667
704347321748819968,386,1702
704134088924532736,512,1629
704113298707505153,620,2000
704054845121142784,1013,3158
703774238772166656,517,1991
703769065844768768,1254,3561
703631701117943808,761,2803
703611486317502464,1686,4164
703425003149250560,1533,4101
703407252292673536,767,2655
703382836347330562,1267,3779
703356393781329922,426,2054
703268521220972544,612,2119
703079050210877440,3425,7957
703041949650034688,13918,28543
702932127499816960,804,2783
702899151802126337,501,1743
702684942141153280,1197,3472
702671118226825216,621,2363
702598099714314240,3645,11165
702539513671897089,1068,3094
702332542343577600,1719,3454
702321140488925184,1141,3553
702276748847800320,845,2664
702217446468493312,1489,5193
701981390485725185,1093,3707
701952816642965504,1130,4114
701889187134500865,1528,3849
701805642395348998,1872,3701
701601587219795968,514,2252
701570477911896070,1037,3039
701545186879471618,671,2862
701214700881756160,5698,13259
700890391244103680,640,2402
700864154249383937,676,2795
700847567345688576,552,2615
700796979434098688,1065,2633
700747788515020802,10426,24737
700518061187723268,890,2842
700505138482569216,633,2453
700462010979500032,2003,4482
700167517596164096,824,2861
700151421916807169,738,2423
700143752053182464,3070,8154
700062718104104960,768,2843
700029284593901568,647,2232
700002074055016451,1500,3575
699801817392291840,1074,3298
699788877217865730,546,2433
699779630832685056,1375,2994
699775878809702401,673,2112
699691744225525762,5088,11083
699446877801091073,2895,6404
699434518667751424,568,2353
699423671849451520,371,1479
699413908797464576,682,2221
699370870310113280,489,2030
699323444782047232,967,3411
699088579889332224,700,2417
699079609774645248,729,2637
699072405256409088,1307,3233
699060279947165696,2020,4089
699036661657767936,1321,2823
698989035503689728,1090,3662
698953797952008193,1001,2922
698907974262222848,687,2744
698710712454139905,760,2672
698703483621523456,421,1572
698635131305795584,378,1380
698549713696649216,689,2499
698355670425473025,502,2012
698342080612007937,1056,2449
698262614669991936,2241,5124
698195409219559425,6637,18152
698178924120031232,815,3039
697995514407682048,366,1640
697990423684476929,1432,3549
697943111201378304,764,2593
697881462549430272,1318,3259
697630435728322560,602,1883
697616773278015490,1123,3410
697596423848730625,1403,3267
697575480820686848,561,2210
697516214579523584,1258,2241
697482927769255936,754,2616
697463031882764288,1535,3694
697270446429966336,2062,5042
697259378236399616,1113,3552
697255105972801536,1293,3260
697242256848379904,737,2708
696900204696625153,1136,3453
696894894812565505,749,2544
696886256886657024,1985,5228
696877980375769088,791,2645
696754882863349760,392,1586
696744641916489729,1058,2259
696713835009417216,734,2572
696518437233913856,1863,4211
696490539101908992,167,1320
696488710901260288,1146,2750
696405997980676096,1265,3473
696100768806522880,737,2092
695816827381944320,1300,3238
695794761660297217,865,3440
695767669421768709,835,2022
695629776980148225,2340,4945
695446424020918272,2000,4710
695409464418041856,3957,9311
695314793360662529,1644,3942
695095422348574720,677,2839
695074328191332352,1225,3066
695064344191721472,671,1741
695051054296211456,877,2871
694925794720792577,1017,2914
694905863685980160,1042,2999
694669722378485760,15955,37850
694356675654983680,323,1629
694352839993344000,691,2205
694342028726001664,547,1700
694329668942569472,554,2168
694206574471057408,2268,4525
694183373896572928,1031,3182
694001791655137281,1161,3647
693993230313091072,450,2024
693942351086120961,409,1864
693647888581312512,660,2916
693644216740769793,143,1448
693642232151285760,462,2745
693629975228977152,883,2647
693622659251335168,412,1662
693590843962331137,2187,5481
693582294167244802,287,1780
693486665285931008,686,1908
693280720173801472,1385,3624
693267061318012928,909,2571
693262851218264065,561,2411
693231807727280129,821,3079
693155686491000832,3566,8534
693109034023534592,681,1857
693095443459342336,515,2022
692919143163629568,827,2886
692905862751522816,980,2635
692901601640583168,671,1937
692894228850999298,896,2470
692828166163931137,980,3103
692752401762250755,4052,7388
692568918515392513,1710,4671
692535307825213440,1504,3453
692530551048294401,468,1990
692423280028966913,259,1594
692417313023332352,3848,10129
692187005137076224,913,2720
692158366030913536,886,2325
692142790915014657,434,1765
692041934689402880,1411,3668
692017291282812928,1064,3096
691820333922455552,1829,4259
691793053716221953,4661,8800
691756958957883396,1146,3126
691675652215414786,567,2087
691483041324204033,644,2562
691459709405118465,1280,4390
691444869282295808,942,2859
691416866452082688,8510,20931
691321916024623104,736,2789
691096613310316544,1007,3207
691090071332753408,379,1839
690989312272396288,3213,6409
690959652130045952,1401,3861
690938899477221376,2215,4471
690932576555528194,1130,3560
690735892932222976,1427,4072
690728923253055490,582,2339
690690673629138944,882,2504
690649993829576704,316,1412
690607260360429569,19,313
690597161306841088,671,2126
690400367696297985,500,2015
690374419777196032,964,3506
690360449368465409,993,2880
690348396616552449,561,1618
690248561355657216,461,1818
690021994562220032,1157,3017
690015576308211712,820,2701
690005060500217858,1878,3947
689999384604450816,418,1537
689993469801164801,509,1589
689977555533848577,493,1472
689905486972461056,772,2613
689877686181715968,1320,3255
689835978131935233,841,2338
689661964914655233,1029,3451
689659372465688576,4324,11244
689623661272240129,729,2421
689599056876867584,6141,12591
689557536375177216,511,2224
689517482558820352,1587,3671
689289219123089408,1038,2435
689283819090870273,1230,3561
689280876073582592,803,2160
689275259254616065,278,1251
689255633275777024,1196,2777
689154315265683456,1114,3310
689143371370250240,576,2195
688916208532455424,967,2950
688908934925697024,859,2281
688898160958271489,878,2271
688894073864884227,781,2417
688828561667567616,414,1481
688804835492233216,222,1030
688789766343622656,736,2387
688547210804498433,778,2821
688519176466644993,810,2484
688385280030670848,4950,10056
688211956440801280,932,2398
688179443353796608,658,2284
688116655151435777,874,3050
688064179421470721,401,1853
687841446767013888,2822,5918
687826841265172480,1263,2947
687818504314159109,1066,2712
687807801670897665,781,2588
687732144991551489,734,1907
687704180304273409,938,2630
687664829264453632,570,2095
687494652870668288,642,2071
687480748861947905,279,1727
687476254459715584,605,2146
687460506001633280,604,2203
687399393394311168,695,2047
687317306314240000,10212,21762
687312378585812992,2117,4704
687127927494963200,2546,5916
687124485711986689,564,2337
687109925361856513,2757,6276
687102708889812993,1102,2524
687096057537363968,682,2418
686947101016735744,3528,9295
686760001961103360,1530,3799
686749460672679938,1639,3763
686730991906516992,1330,4493
686683045143953408,894,3023
686618349602762752,1520,3985
686606069955735556,601,2036
686394059078897668,759,1898
686386521809772549,987,3505
686377065986265092,630,2392
686358356425093120,759,2372
686286779679375361,1858,4329
686050296934563840,828,2384
686035780142297088,135,1256
686034024800862208,1309,3367
686007916130873345,467,2670
686003207160610816,718,1971
685973236358713344,601,2284
685943807276412928,684,1773
685906723014619143,3248,8145
685681090388975616,140,2193
685667379192414208,648,2529
685663452032069632,1627,3508
685641971164143616,867,3162
685547936038666240,17458,35666
685532292383666176,1283,3287
685325112850124800,4446,10292
685321586178670592,724,2866
685315239903100929,1211,3611
685307451701334016,490,2230
685268753634967552,1344,3361
685198997565345792,748,2510
685169283572338688,1595,4428
684969860808454144,430,2475
684959798585110529,3493,7202
684940049151070208,1163,3473
684926975086034944,539,3792
684914660081053696,1633,3784
684902183876321280,598,2021
684880619965411328,922,2269
684830982659280897,24067,37956
684800227459624960,1101,2931
684594889858887680,3950,9687
684588130326986752,1572,4448
684567543613382656,1389,3262
684538444857667585,1072,2875
684481074559381504,1303,4180
684460069371654144,618,2135
684241637099323392,3668,8848
684225744407494656,236,1341
684222868335505415,1536,4160
684200372118904832,1149,2351
684195085588783105,585,2065
684188786104872960,1317,3763
684177701129875456,749,2178
684147889187209216,1664,3216
684122891630342144,532,2142
684097758874210310,1600,4447
683857920510050305,1239,4102
683852578183077888,394,2081
683849932751646720,1097,2835
683834909291606017,1241,2834
683828599284170753,1171,3009
683773439333797890,1506,3620
683742671509258241,3719,7053
683515932363329536,3237,7955
683498322573824003,1070,3414
683481228088049664,1099,2839
683462770029932544,751,2635
683449695444799489,1794,4212
683391852557561860,2654,8219
683357973142474752,1048,3183
683142553609318400,1159,3103
683111407806746624,1020,3679
683098815881154561,724,2330
683078886620553216,623,2137
683030066213818368,811,2327
682962037429899265,18669,40079
682808988178739200,206,1912
682788441537560576,1244,2660
682750546109968385,485,1639
682697186228989953,396,1411
682662431982772225,1191,3291
682638830361513985,669,2222
682429480204398592,1291,3708
682406705142087680,1975,8189
682393905736888321,757,2395
682389078323662849,515,1798
682303737705140231,1114,3334
682259524040966145,1359,4507
682242692827447297,1322,3512
682088079302213632,11057,19828
682059653698686977,1885,5367
682047327939461121,1075,3472
682032003584274432,2250,7115
682003177596559360,1699,3397
681981167097122816,1144,2991
681891461017812993,937,2657
681694085539872773,4495,13786
681679526984871937,494,1887
681654059175129088,1028,2856
681610798867845120,523,2064
681579835668455424,1459,3831
681523177663676416,6497,15489
681340665377193984,309,1771
681339448655802368,4524,10040
681320187870711809,848,2880
681302363064414209,2039,4265
681297372102656000,1070,3433
681281657291280384,1234,3470
681261549936340994,303,1566
681242418453299201,609,1610
681231109724700672,534,2579
681193455364796417,1657,4009
680970795137544192,737,2623
680959110691590145,2212,4919
680940246314430465,1192,3478
680934982542561280,490,2241
680913438424612864,694,2576
680889648562991104,410,1911
680836378243002368,1489,3718
680805554198020098,740,2336
680801747103793152,913,2561
680798457301471234,1164,3083
680609293079592961,796,2849
680583894916304897,1490,3888
680497766108381184,2136,4578
680494726643068929,535,1849
680473011644985345,832,2733
680440374763077632,555,1557
680221482581123072,324,1570
680206703334408192,1304,3063
680191257256136705,569,2310
680176173301628928,1736,4202
680161097740095489,815,2495
680145970311643136,1941,3896
680130881361686529,1059,2480
680115823365742593,1014,2927
680100725817409536,1519,3833
680085611152338944,9867,13778
680070545539371008,972,2771
680055455951884288,7927,18008
679877062409191424,714,2125
679872969355714560,736,2331
679862121895714818,688,2642
679854723806179328,1374,3100
679844490799091713,870,2559
679828447187857408,15567,39134
679777920601223168,1252,3338
679736210798047232,894,2264
679729593985699840,918,2328
679722016581222400,527,1788
679530280114372609,2303,5130
679527802031484928,809,2858
679511351870550016,1434,3640
679503373272485890,1650,3419
679475951516934144,712,2262
679462823135686656,20917,34299
679405845277462528,1343,2564
679158373988876288,9022,23206
679148763231985668,1142,2987
679132435750195208,1291,3203
679111216690831360,2850,6422
679062614270468097,9150,18440
679047485189439488,764,2432
679001094530465792,1363,3040
678991772295516161,1314,2503
678969228704284672,517,1773
678800283649069056,998,2771
678798276842360832,1323,3753
678774928607469569,1023,2993
678767140346941444,1531,3807
678764513869611008,534,1753
678755239630127104,3679,7680
678740035362037760,1899,4044
678708137298427904,2708,5981
678675843183484930,1658,3090
678643457146150913,480,2215
678446151570427904,1754,4288
678424312106393600,2834,5830
678410210315247616,2033,4568
678399652199309312,30350,61526
678396796259975168,466,1708
678389028614488064,464,2001
678380236862578688,1000,2616
678341075375947776,597,1863
678334497360859136,297,1399
678278586130948096,6723,12338
678255464182861824,411,1700
678023323247357953,434,2065
678021115718029313,7033,14775
677961670166224897,1851,3655
677918531514703872,453,1448
677895101218201600,2349,5191
677716515794329600,1082,3273
677700003327029250,1589,3634
677698403548192770,356,1312
677687604918272002,931,2641
677673981332312066,1651,3574
677662372920729601,1080,2098
677644091929329666,877,2009
677573743309385728,809,2286
677565715327688705,508,1383
677557565589463040,1294,2621
677547928504967168,4005,7434
677530072887205888,247,1142
677335745548390400,1985,3273
677334615166730240,325,1457
677331501395156992,262,1170
677328882937298944,1659,3888
677314812125323265,600,1762
677301033169788928,459,1336
677269281705472000,778,2128
677228873407442944,1808,3778
677187300187611136,1014,2923
676975532580409345,1180,2967
676957860086095872,893,2355
676949632774234114,437,1386
676948236477857792,964,2316
676946864479084545,419,1818
676942428000112642,845,2218
676936541936185344,5418,13607
676916996760600576,1975,3177
676897532954456065,804,2392
676864501615042560,786,2243
676821958043033607,17254,24713
676819651066732545,727,1924
676811746707918848,466,1509
676776431406465024,2207,5309
676617503762681856,1086,3095
676613908052996102,213,1157
676606785097199616,484,2011
676603393314578432,432,1249
676593408224403456,2373,4883
676590572941893632,140,981
676588346097852417,880,2488
676582956622721024,309,1290
676575501977128964,1242,2765
676533798876651520,608,2000
676496375194980353,592,1612
676470639084101634,5132,12446
676440007570247681,735,1832
676430933382295552,378,1490
676263575653122048,599,2208
676237365392908289,329,1302
676219687039057920,34062,79149
676215927814406144,648,1851
676191832485810177,1129,2432
676146341966438401,730,2049
676121918416756736,1279,2295
676101918813499392,1266,2992
676098748976615425,1582,3224
676089483918516224,472,1404
675898130735476737,643,1744
675891555769696257,957,2269
675888385639251968,1053,2541
675878199931371520,1545,4446
675870721063669760,622,1748
675853064436391936,1434,2869
675849018447167488,167,1004
675845657354215424,981,2433
675822767435051008,581,1626
675820929667219457,252,1119
675798442703122432,3708,10918
675781562965868544,522,1720
675740360753160193,381,1234
675710890956750848,910,2014
675707330206547968,758,2116
675706639471788032,104,683
675534494439489536,460,1914
675531475945709568,423,1250
675522403582218240,309,1106
675517828909424640,498,1387
675501075957489664,6371,18230
675497103322386432,1424,3333
675489971617296384,657,1375
675483430902214656,1060,1958
675432746517426176,619,1604
675372240448454658,550,1805
675362609739206656,254,1114
675354435921575936,18697,34750
675349384339542016,2483,4182
675334060156301312,1406,2954
675166823650848770,1764,3840
675153376133427200,2857,6691
675149409102012420,1840,3971
675147105808306176,265,1003
675146535592706048,342,1271
675145476954566656,986,2263
675135153782571009,534,1369
675113801096802304,857,2079
675111688094527488,276,1020
675109292475830276,1235,2958
675047298674663426,358,1123
675015141583413248,1302,2862
675006312288268288,245,1030
675003128568291329,510,1639
674999807681908736,1212,2393
674805413498527744,385,914
674800520222154752,936,3179
674793399141146624,1200,2653
674790488185167872,273,1163
674788554665512960,227,854
674781762103414784,1317,2121
674774481756377088,524,1189
674767892831932416,866,1945
674764817387900928,259,837
674754018082705410,484,1439
674752233200820224,505,1557
674743008475090944,596,1481
674742531037511680,54,516
674739953134403584,427,1178
674737130913071104,100,677
674690135443775488,504,1214
674670581682434048,707,1709
674664755118911488,274,974
674646392044941312,548,1507
674644256330530816,299,1083
674638615994089473,636,1777
674632714662858753,623,1589
674606911342424069,111,993
674468880899788800,2235,6558
674447403907457024,385,1119
674436901579923456,423,1177
674422304705744896,578,1514
674416750885273600,152,717
674410619106390016,510,1266
674394782723014656,621,1581
674372068062928900,337,899
674330906434379776,80,589
674318007229923329,562,1485
674307341513269249,7518,11952
674291837063053312,6403,15570
674271431610523648,787,1660
674269164442398721,250,943
674265582246694913,917,1725
674262580978937856,493,1361
674255168825880576,610,1546
674082852460433408,182,788
674075285688614912,311,1033
674063288070742018,2409,6717
674053186244734976,1414,3508
674051556661161984,523,1537
674045139690631169,698,1492
674042553264685056,140,759
674038233588723717,447,1158
674036086168010753,235,891
674024893172875264,1338,1885
674019345211760640,332,1189
674014384960745472,702,1653
674008982932058114,383,1267
673956914389192708,1049,2063
673919437611909120,392,1231
673906403526995968,1777,3351
673887867907739649,272,979
673716320723169284,827,3243
673715861853720576,2266,3742
673711475735838725,322,1095
673709992831262724,302,890
673708611235921920,312,1125
673707060090052608,426,1159
673705679337693185,430,1316
673700254269775872,619,1510
673697980713705472,2121,4001
673689733134946305,696,1832
673688752737402881,527,1308
673686845050527744,470,1517
673680198160809984,512,1433
673662677122719744,390,1307
673656262056419329,262,752
673636718965334016,399,1177
673612854080196609,785,1665
673583129559498752,396,1246
673580926094458881,291,865
673576835670777856,605,1449
673363615379013632,335,1068
673359818736984064,721,1529
673355879178194945,641,1571
673352124999274496,585,1728
673350198937153538,226,765
673345638550134785,1391,2655
673343217010679808,286,1017
673342308415348736,638,1332
673320132811366400,8546,14237
673317986296586240,288,908
673295268553605120,3418,7920
673270968295534593,396,1114
673240798075449344,782,1486
673213039743795200,911,2366
673148804208660480,683,1788
672997845381865473,773,2060
672995267319328768,323,999
672988786805112832,309,1018
672984142909456390,586,1304
672980819271634944,1063,1889
672975131468300288,999,1773
672970152493887488,384,1001
672968025906282496,593,1378
672964561327235073,691,1490
672902681409806336,542,1425
672898206762672129,451,927
672884426393653248,888,1624
672877615439593473,396,1077
672834301050937345,615,1378
672828477930868736,522,1321
672640509974827008,345,1019
672622327801233409,531,1357
672614745925664768,635,1278
672609152938721280,417,1162
672604026190569472,435,1166
672594978741354496,650,1386
672591762242805761,359,993
672591271085670400,202,763
672538107540070400,400,1073
672523490734551040,187,679
672488522314567680,473,1165
672482722825261057,653,1193
672481316919734272,131,741
672475084225949696,759,1511
672466075045466113,583,1415
672272411274932228,3627,6773
672267570918129665,657,1560
672264251789176834,371,1196
672256522047614977,1679,2949
672254177670729728,788,1491
672248013293752320,649,1804
672245253877968896,167,716
672239279297454080,343,938
672231046314901505,1078,1926
672222792075620352,228,817
672205392827572224,1244,2368
672169685991993344,396,1061
672160042234327040,389,908
672139350159835138,778,1835
672125275208069120,1229,2521
672095186491711488,393,1039
672082170312290304,394,987
672068090318987265,554,1362
671896809300709376,4441,8873
671891728106971137,604,1389
671882082306625538,1476,3629
671879137494245376,738,1481
671874878652489728,591,1307
671866342182637568,538,1169
671855973984772097,490,958
671789708968640512,3745,7406
671768281401958400,561,1243
671763349865160704,985,1756
671744970634719232,827,1405
671743150407421952,242,768
671735591348891648,804,1512
671729906628341761,4693,8960
671561002136281088,7778,13486
671550332464455680,224,953
671547767500775424,638,1420
671544874165002241,1127,2089
671542985629241344,605,1141
671538301157904385,429,962
671536543010570240,436,1226
671533943490011136,617,1073
671528761649688577,275,877
671520732782923777,576,1464
671518598289059840,312,988
671511350426865664,777,1695
671504605491109889,3798,7388
671497587707535361,477,964
671488513339211776,507,1059
671486386088865792,225,610
671485057807351808,249,792
671390180817915904,792,1487
671362598324076544,314,1170
671357843010908160,156,420
671355857343524864,119,499
671347597085433856,464,1013
671186162933985280,234,774
671182547775299584,372,1173
671166507850801152,383,913
671163268581498880,1189,1737
671159727754231808,89,393
671154572044468225,233,755
671151324042559489,164,702
671147085991960577,247,699
671141549288370177,700,1223
671138694582165504,434,977
671134062904504320,209,784
671122204919246848,2716,3664
671115716440031232,826,1410
671109016219725825,472,1202
670995969505435648,312,1154
670842764863651840,9422,25730
670840546554966016,210,620
670838202509447168,744,1166
670833812859932673,133,466
670832455012716544,237,768
670826280409919488,4386,5835
670823764196741120,203,809
670822709593571328,104,635
670815497391357952,1668,3333
670811965569282048,289,1179
670807719151067136,525,1200
670804601705242624,1011,2064
670803562457407488,93,351
670797304698376195,256,760
670792680469889025,295,873
670789397210615808,254,690
670786190031921152,216,630
670783437142401025,422,857
670782429121134593,845,1656
670780561024270336,309,811
670778058496974848,77,340
670764103623966721,456,1128
670755717859713024,121,467
670733412878163972,542,1005
670727704916926465,393,870
670717338665226240,535,1275
670704688707301377,399,795
670691627984359425,258,616
670679630144274432,312,783
670676092097810432,45,260
670668383499735048,5424,11256
670474236058800128,820,1601
670468609693655041,90,367
670465786746662913,595,1016
670452855871037440,222,573
670449342516494336,720,1245
670444955656130560,2112,7032
670442337873600512,207,679
670435821946826752,562,1098
670434127938719744,695,1476
670433248821026816,121,337
670428280563085312,681,1458
670427002554466305,175,541
670421925039075328,692,1379
670420569653809152,335,657
670417414769758208,344,591
670411370698022913,974,2142
670408998013820928,240,585
670403879788544000,171,452
670385711116361728,231,583
670374371102445568,289,774
670361874861563904,71,340
670338931251150849,118,446
670319130621435904,1328,4043
670303360680108032,147,443
670290420111441920,310,739
670093938074779648,360,1089
670086499208155136,269,726
670079681849372674,1350,2342
670073503555706880,854,1641
670069087419133954,268,666
670061506722140161,371,802
670055038660800512,355,701
670046952931721218,191,676
670040295598354432,117,787
670037189829525505,300,616
670003130994700288,99,346
669993076832759809,90,337
669972011175813120,173,462
669970042633789440,65,316
669942763794931712,180,527
669926384437997569,112,393
669923323644657664,62,246
669753178989142016,428,843
669749430875258880,71,285
669684865554620416,95,547
669683899023405056,117,410
669682095984410625,142,369
669680153564442624,309,700
669661792646373376,469,843
669625907762618368,1929,3706
669603084620980224,394,994
669597912108789760,162,538
669583744538451968,997,1561
669573570759163904,154,458
669571471778410496,1070,1663
669567591774625800,61,243
669564461267722241,131,405
669393256313184256,82,379
669375718304980992,776,1402
669371483794317312,192,516
669367896104181761,169,480
669363888236994561,248,656
669359674819481600,133,384
669354382627049472,1364,2848
669353438988365824,277,676
669351434509529089,203,467
669328503091937280,445,1060
669327207240699904,125,602
669324657376567296,221,516
669216679721873412,412,948
669214165781868544,180,462
669203728096960512,513,1060
669037058363662336,329,682
669015743032369152,395,776
669006782128353280,266,600
669000397445533696,6820,21839
668994913074286592,251,462
668992363537309700,377,787
668989615043424256,350,713
668988183816871936,511,949
668986018524233728,181,576
668981893510119424,331,568
668979806671884288,376,832
668975677807423489,626,1372
668967877119254528,25,157
668960084974809088,257,741
668955713004314625,74,296
668932921458302977,62,281
668902994700836864,106,333
668892474547511297,163,413
668872652652679168,317,551
668852170888998912,175,471
668826086256599040,150,459
668815180734689280,289,598
668779399630725120,400,738
668655139528511488,231,554
668645506898350081,580,944
668643542311546881,569,928
668641109086707712,569,1129
668636665813057536,517,1092
668633411083464705,1756,2975
668631377374486528,343,750
668627278264475648,122,334
668625577880875008,140,413
668623201287675904,838,1518
668620235289837568,45,210
668614819948453888,337,639
668587383441514497,1157,1735
668567822092664832,61,258
668544745690562560,246,542
668542336805281792,227,484
668537837512433665,78,259
668528771708952576,239,490
668507509523615744,114,341
668496999348633600,143,429
668484198282485761,250,446
668480044826800133,159,483
668466899341221888,548,926
668297328638447616,315,648
668291999406125056,34,261
668286279830867968,148,526
668274247790391296,246,868
668268907921326080,256,582
668256321989451776,658,1362
668248472370458624,520,1040
668237644992782336,3043,6501
668226093875376128,113,321
668221241640230912,214,530
668204964695683073,205,579
668190681446379520,207,682
668171859951755264,205,515
668154635664932864,334,515
668142349051129856,303,584
668113020489474048,262,696
667937095915278337,846,1336
667924896115245057,119,313
667915453470232577,58,218
667911425562669056,323,515
667902449697558528,392,883
667886921285246976,1159,1976
667885044254572545,519,854
667878741721415682,126,406
667873844930215936,433,657
667866724293877760,1093,3126
667861340749471744,83,251
667832474953625600,68,297
667806454573760512,526,1092
667801013445750784,100,341
667793409583771648,351,722
667782464991965184,256,429
667773195014021121,59,241
667766675769573376,233,466
667728196545200128,159,388
667724302356258817,338,509
667550904950915073,36,0
667550882905632768,33,0
667549055577362432,2424,6037
667546741521195010,134,346
667544320556335104,556,903
667538891197542400,72,212
667534815156183040,568,853
667530908589760512,257,493
667524857454854144,1180,1770
667517642048163840,199,384
667509364010450944,2237,7052
667502640335572993,228,554
667495797102141441,291,549
667491009379606528,237,552
667470559035432960,101,269
667455448082227200,66,199
667453023279554560,95,321
667443425659232256,613,816
667437278097252352,254,470
667435689202614272,87,319
667405339315146752,229,482
667393430834667520,59,203
667369227918143488,170,380
667211855547486208,253,511
667200525029539841,276,643
667192066997374976,114,404
667188689915760640,440,771
667182792070062081,6521,14874
667177989038297088,57,195
667176164155375616,481,632
667174963120574464,86,257
667171260800061440,95,229
667165590075940865,1210,2777
667160273090932737,65,264
667152164079423490,17955,49089
667138269671505920,2339,4766
667119796878725120,133,342
667090893657276420,130,342
667073648344346624,130,419
667070482143944705,14,86
667065535570550784,49,171
667062181243039745,56,223
667044094246576128,52,194
667012601033924608,235,463
666996132027977728,100,252
666983947667116034,1028,2642
666837028449972224,572,843
666835007768551424,82,220
666826780179869698,101,262
666817836334096384,260,534
666804364988780544,94,246
666786068205871104,506,791
666781792255496192,203,398
666776908487630848,180,361
666739327293083650,68,239
666701168228331520,226,443
666691418707132416,49,190
666649482315059201,598,905
666644823164719104,86,236
666454714377183233,216,534
666447344410484738,22,105
666437273139982337,50,129
666435652385423360,54,167
666430724426358785,201,322
666428276349472768,86,168
666421158376562688,116,320
666418789513326592,47,127
666411507551481857,334,454
666407126856765440,42,112
666396247373291520,88,170
666373753744588802,95,192
666362758909284353,581,789
666353288456101888,74,227
666345417576210432,143,304
666337882303524864,95,201
666293911632134144,363,513
666287406224695296,68,151
666273097616637952,79,179
666268910803644416,36,104
666104133288665088,6747,14540
666102155909144576,13,80
666099513787052032,71,159
666094000022159362,76,166
666082916733198337,45,120
666073100786774016,172,327
666071193221509120,64,152
666063827256086533,225,486
666058600524156928,58,114
666057090499244032,143,302
666055525042405380,258,444
666051853826850816,864,1239
666050758794694657,59,134
666049248165822465,40,108
666044226329800704,143,304
666033412701032449,46,126
666029285002620928,47,130
666020888022790149,518,2527
